{"stats":{"minecraft:used":{"minecraft:dirt":5},"minecraft:custom":{"minecraft:jump":31,"minecraft:time_since_rest":3813,"minecraft:leave_game":1,"minecraft:play_time":3813,"minecraft:sprint_one_cm":5223,"minecraft:damage_taken":20,"minecraft:time_since_death":3813,"minecraft:walk_one_cm":2342,"minecraft:sneak_time":33,"minecraft:total_world_time":3813,"minecraft:fall_one_cm":1738,"minecraft:fly_one_cm":6115},"minecraft:picked_up":{"minecraft:dirt":5},"minecraft:mined":{"minecraft:grass_block":5,"minecraft:oak_leaves":1}},"DataVersion":3953}