{"stats":{"minecraft:custom":{"minecraft:jump":207,"minecraft:time_since_rest":16135,"minecraft:crouch_one_cm":64,"minecraft:leave_game":2,"minecraft:play_time":16135,"minecraft:sprint_one_cm":24734,"minecraft:damage_taken":100,"minecraft:time_since_death":16135,"minecraft:walk_one_cm":7021,"minecraft:sneak_time":43,"minecraft:total_world_time":16135,"minecraft:fall_one_cm":9787,"minecraft:fly_one_cm":45123},"minecraft:used":{"minecraft:dirt":5},"minecraft:picked_up":{"minecraft:dirt":10},"minecraft:mined":{"minecraft:grass_block":5,"minecraft:birch_leaves":1,"minecraft:oak_leaves":2,"minecraft:dirt":5}},"DataVersion":3953}