{"stats":{"minecraft:dropped":{"minecraft:wheat_seeds":2,"minecraft:beetroot_seeds":1,"minecraft:wooden_pickaxe":1},"minecraft:custom":{"minecraft:time_since_rest":11422,"minecraft:sprint_one_cm":64715,"minecraft:damage_taken":260,"minecraft:walk_one_cm":23503,"minecraft:drop":3,"minecraft:damage_dealt":20,"minecraft:interact_with_crafting_table":3,"minecraft:talked_to_villager":2,"minecraft:fly_one_cm":122534,"minecraft:open_chest":1,"minecraft:crouch_one_cm":3212,"minecraft:play_time":28246,"minecraft:deaths":1,"minecraft:sneak_time":742,"minecraft:jump":504,"minecraft:leave_game":4,"minecraft:time_since_death":11395,"minecraft:walk_on_water_one_cm":111,"minecraft:total_world_time":28246,"minecraft:climb_one_cm":693,"minecraft:fall_one_cm":18549},"minecraft:crafted":{"minecraft:oak_planks":12,"minecraft:crafting_table":1,"minecraft:stick":4,"minecraft:wooden_pickaxe":1,"minecraft:stone_pickaxe":1,"minecraft:bread":9,"minecraft:wheat":27},"minecraft:used":{"minecraft:bread":2,"minecraft:stone_pickaxe":3,"minecraft:wooden_pickaxe":3,"minecraft:dirt":5,"minecraft:crafting_table":1,"minecraft:hay_block":1},"minecraft:picked_up":{"minecraft:composter":1,"minecraft:potato":5,"minecraft:oak_log":3,"minecraft:brewing_stand":2,"minecraft:yellow_bed":3,"minecraft:carrot":6,"minecraft:dirt":10,"minecraft:beetroot_seeds":1,"minecraft:wheat_seeds":2,"minecraft:bell":1,"minecraft:hay_block":68,"minecraft:cobblestone":3},"minecraft:mined":{"minecraft:hay_block":68,"minecraft:carrots":6,"minecraft:wheat":2,"minecraft:birch_leaves":1,"minecraft:brewing_stand":2,"minecraft:yellow_bed":3,"minecraft:bell":1,"minecraft:grass_block":5,"minecraft:potatoes":5,"minecraft:oak_log":3,"minecraft:beetroots":1,"minecraft:dirt":5,"minecraft:cobblestone":3,"minecraft:composter":1,"minecraft:oak_leaves":2},"minecraft:killed_by":{"minecraft:wolf":1}},"DataVersion":3953}